lambda,PSNR,SSIM,LPIPS,Size [Bytes],#Anchors
0.0005,35.4915924,0.9860504,0.0126323,1753219.072,41150
0.001,35.2113037,0.9853489,0.013582,1380030.8736,37678
0.002,34.7256927,0.9837951,0.0156229,1080662.4256,35233
0.003,34.3326035,0.9822508,0.0172922,930191.7696,33666
0.004,34.0245972,0.9813988,0.0180584,856476.8768,33568
