lambda,PSNR,SSIM,LPIPS,Size [Bytes],#Anchors
0.0005,26.4458008,0.9520242,0.040858,2432906.0352,50823
0.001,26.3813362,0.9521985,0.0412408,2046715.4944,49826
0.002,26.3249664,0.9518869,0.0425592,1524944.0768,43985
0.003,26.2647648,0.9512177,0.0432564,1492123.648,49517
0.004,26.2019329,0.9504852,0.0442522,1294886.5024,46353
