lambda,PSNR,SSIM,LPIPS,Size [Bytes],#Anchors
0.0005,35.3031387,0.9861924,0.0125956,1608830.1568,37448
0.001,35.3690453,0.9862145,0.0127094,1258291.2,33996
0.002,34.8955841,0.9849692,0.0141863,990170.3168,31844
0.003,34.5686111,0.9839423,0.0154323,856267.1616,30384
0.004,34.2699623,0.9830225,0.016082,743859.8144,28620
