lambda,PSNR,SSIM,LPIPS,Size [Bytes],#Anchors
0.0005,37.8689346,0.983838,0.0237683,1020054.7328,23066
0.001,37.4681625,0.982847,0.0257084,824705.024,21452
0.002,37.1095505,0.9814867,0.0286784,669201.2032,20198
0.003,36.7017975,0.9801576,0.0309345,568223.3344,18248
0.004,36.4362106,0.9792402,0.0325942,532466.8928,17538
