lambda,PSNR,SSIM,LPIPS,Size [Bytes],#Anchors
0.0005,35.6688728,0.9810752,0.0185425,1997012.992,45951
0.001,35.5050964,0.9806247,0.0191138,1685795.6352,44223
0.002,35.0378571,0.9789792,0.0217885,1313656.0128,40158
0.003,34.6479263,0.9771974,0.0244067,1123758.8992,38162
0.004,34.2492485,0.9755563,0.0267548,1019006.1568,36974
