Submethod,PSNR,SSIM,LPIPS,Size [Bytes],#Gaussians
HAC-highrate,30.7035522,0.9620085,0.0386389,2171391.1808,204113
HAC-lowrate,30.5300407,0.9608711,0.0413285,1518967.1936,152503
