lambda,PSNR,SSIM,LPIPS,Size [Bytes],#Anchors
0.0005,36.7093277,0.9918905,0.0075859,1063256.064,24701
0.001,36.2492027,0.991047,0.0086718,852597.1456,23233
0.002,35.9191742,0.9903358,0.0095429,700763.3408,21983
0.003,35.6211166,0.9898018,0.0102368,653682.2784,23874
0.004,35.391983,0.9890268,0.0110579,571998.208,21816
