lambda,PSNR,SSIM,LPIPS,Size [Bytes],#Anchors
0.0005,31.5231514,0.9036886,0.1153168,3558866.944,73503
0.001,31.4805927,0.9040138,0.11643,2617245.696,61184
0.002,31.3790035,0.903459,0.1189712,2089707.1104,59182
0.003,31.3167114,0.9029156,0.1205181,1951714.5088,61439
0.004,31.2438011,0.9020594,0.1238198,1913441.4848,68748
