lambda,PSNR,SSIM,LPIPS,Size [Bytes],#Anchors
0.0005,25.0481129,0.7420058,0.2580692,46144893.7472,883483
0.001,25.1073151,0.7424726,0.2588055,41048080.384,887152
0.002,25.0967045,0.7418911,0.2624799,34747501.7728,876522
0.003,25.0506001,0.7421844,0.2610947,31473323.2128,863915
0.004,25.0472488,0.7415894,0.2642056,28876944.1792,866447
