lambda,PSNR,SSIM,LPIPS,Size [Bytes],#Anchors
0.0005,33.1597786,0.9492564,0.1776097,15623258.112,366640
0.001,32.9719124,0.9480926,0.1801753,13334216.704,363629
0.002,32.6965332,0.9454621,0.1839756,11022211.4816,356868
0.003,32.4954796,0.9442396,0.1860304,9853363.8144,351122
0.004,32.2754822,0.9419372,0.1894576,8976754.2784,351279
