lambda,PSNR,SSIM,LPIPS,Size [Bytes],#Anchors
0.0005,29.7466125,0.9175935,0.1845798,12808880.128,259206
0.001,29.7447491,0.917532,0.1838127,10949964.5952,254090
0.002,29.6534615,0.9151709,0.1885463,9315129.7536,250293
0.003,29.5434914,0.9133916,0.1910129,8312481.3824,250761
0.004,29.347311,0.9105615,0.1951433,7614024.9088,248202
