lambda,PSNR,SSIM,LPIPS,Size [Bytes],#Anchors
0.0005,21.2836895,0.5754218,0.3758065,32752690.7904,660909
0.001,21.2706013,0.5747946,0.3767022,28892463.104,658926
0.002,21.3163605,0.5758266,0.377042,24886693.0688,657259
0.003,21.2602558,0.5711936,0.3827112,21673331.9168,644832
0.004,21.2626057,0.572156,0.3812912,20542232.9856,653105
