lambda,PSNR,SSIM,LPIPS,Size [Bytes],#Anchors
0.0005,27.4954128,0.8496719,0.138615,38033738.9568,708502
0.001,27.4615631,0.8488841,0.1394164,33734157.9264,697215
0.002,27.433794,0.8472535,0.1432326,28854924.0832,688376
0.003,27.3579712,0.844384,0.1477095,25810803.0976,684508
0.004,27.2805805,0.8419042,0.1514979,23796278.8864,682977
