lambda,PSNR,SSIM,LPIPS,Size [Bytes],#Anchors
0.0005,31.8089523,0.9305264,0.1203673,14641266.688,304884
0.001,31.6308594,0.9295087,0.1216748,12658094.8992,302858
0.002,31.460968,0.9275324,0.1245705,10534938.2144,300068
0.003,31.2187405,0.9248679,0.1278801,9272138.1376,297818
0.004,31.1647701,0.9230514,0.1306984,8445755.392,295851
