lambda,PSNR,SSIM,LPIPS,Size [Bytes],#Anchors
0.0005,32.1885948,0.9285341,0.1941887,9606109.5936,238190
0.001,31.9047031,0.9261015,0.1975124,8234886.7584,236774
0.002,31.8722458,0.9248103,0.2013618,6784496.4352,229961
0.003,31.7100639,0.9220698,0.2060423,6001315.0208,225669
0.004,31.5470905,0.9211181,0.2078761,5796528.128,229466
