lambda,PSNR,SSIM,LPIPS,Size [Bytes],#Anchors
0.0005,26.5664234,0.761528,0.2639077,30339917.4144,624089
0.001,26.5885735,0.7628535,0.2635286,26482520.8832,627487
0.002,26.5858116,0.7607012,0.2678007,22805793.9968,622084
0.003,26.6366386,0.7632684,0.2653996,20813289.8816,627226
0.004,26.5819645,0.7618363,0.2692434,18989711.36,614240
