lambda,PSNR,SSIM,LPIPS,Size [Bytes],#Anchors
0.0005,23.2150345,0.6462406,0.3460363,36091042.2016,733606
0.001,23.2636204,0.6480887,0.3448641,31086503.5264,717161
0.002,23.341095,0.6466434,0.3496408,26034254.6432,712987
0.003,23.2624912,0.6447525,0.3557942,23156018.3808,699919
0.004,23.3030071,0.6446206,0.3564054,21010422.1696,700696
