lambda,PSNR,SSIM,LPIPS,Size [Bytes],#Anchors
0.0005,22.4948845,0.8228748,0.2057169,11736396.5952,224968
0.001,22.7802544,0.8230955,0.2065995,10554232.0128,228454
0.002,22.660141,0.8193613,0.2095813,9064520.0896,222410
0.003,22.487278,0.8174562,0.2131026,7960264.704,216303
0.004,22.1893082,0.8151628,0.2155594,7277641.728,204817
