lambda,PSNR,SSIM,LPIPS,Size [Bytes],#Anchors
0.0005,25.9965248,0.8830922,0.1459505,15859187.712,363533
0.001,26.0207634,0.8831319,0.1471665,13024677.0688,327239
0.002,25.9947071,0.8808097,0.1527679,11689105.8176,357560
0.003,25.9945774,0.8800644,0.153453,10281182.8224,334121
0.004,25.8835316,0.8775318,0.1575988,9709813.76,340809
