lambda,PSNR,SSIM,LPIPS,Size [Bytes],#Anchors
0.0005,29.7608299,0.9056935,0.2553266,9532080.128,195290
0.001,29.8491783,0.9062452,0.2545068,8044150.784,194806
0.002,29.687891,0.9048939,0.2581699,6823084.032,194915
0.003,29.6703033,0.9038229,0.2612223,5988417.536,188655
0.004,29.5277023,0.9025214,0.2650948,5815821.9264,190040
