lambda,PSNR,SSIM,LPIPS,Size [Bytes],#Anchors
0.0005,30.6608162,0.9062623,0.2592059,6370623.488,147016
0.001,30.8383617,0.905672,0.2616119,5277483.008,142704
0.002,30.661623,0.9049009,0.265112,4324956.5696,134845
0.003,30.6114845,0.9031053,0.2690201,3841353.3184,130352
0.004,30.4393959,0.902317,0.2723858,3306474.7008,123252
